Liaquat A. Khan	45.4938256	-73.575582
P S Yu	40.7127837	-74.0059413
Mohamed Medhat Gaber	-37.876	145.044
Alfredo Cuzzocrea	39.351411	16.2224167
Elisa Bertino	40.4131203	-86.9406509
Stefano Baccianella	43.7067974	10.4312272
Andrea Esuli	43.7166613	10.3988602
Tiago A. Almeida	-22.9099384	-47.0626332
Ulrike von Luxburg	48.5392481	9.0615313
Yuhua Qian	37.87059	112.548879
Jianguo Lu	32.060255	118.796877
Giulia Bruno	45.06448	7.66029
Paolo Garza	45.0601746	7.6611494
Jesse Hoey	43.6503577	-79.3869921
Axel von Bertoldi	43.653226	-79.3831843
Tammy Craig	43.653226	-79.3831843
Craig Boutilier	49.2515653	-123.2401187
Alex Mihailidis	36.778261	-119.4179324
Ksenia Shubina	43.7703801	-79.4964584
John K. Tsotsos	43.653226	-79.3831843
D. Gallup	35.9681485	-78.9399682
Jan-Michael Frahm	35.9504006	-78.9670225
T. Michalke	38.40292	-97.330053
Christian Goerick	50.0809432	8.8107219
Mario Fritz	49.860229	8.6800033
David Gerónimo	41.5037176	2.0864011
Daniel Ponsa	41.5037176	2.0864011
Antonio M. López	41.4869151	2.1275483
H. K. Ekenel	49.0107518	8.4140548
Rainer Stiefelhagen	40.4432289	-79.9441368
D. Chaudhuri	30.3237029	78.0643572
Hugo Zanghi	48.8690971	2.3247695
Stevenn Volant	48.8399131	2.3469847
Guopu Zhu	45.7588178	126.6416499
Shuqun Zhang	40.611838	-74.1384478
Qingshuang Zeng	45.7588178	126.6416499
Haizhou Li	1.3480996	103.8857937
Claudio A. Perez	-33.443809	-70.650391
Carlos M. Aravena	-33.4584069	-70.6618658
Juan I. Vallejos	-33.4584069	-70.6618658
Pablo A. Estévez	-33.4378305	-70.6504492
Claudio M. Held	-33.4584069	-70.6618658
A. S. Chowdhury	33.9566656	-83.375192
Lorene Allano	34.2133926	-118.1941785
B. Dorizzi	48.629828	2.441782
Sonia Garcia-Salicetti	48.629828	2.441782
Dimitry Chetverikov	47.497912	19.040235
R P W Duin	52.0115769	4.3570677
Liying Zheng	45.803775	126.534967
Jingtao Zhang	46.792345	130.3807212
Farshad Almasganj	35.6891975	51.3889736
Ayyoob Jafari	35.6891975	51.3889736
Mehmet Gönen	41.0082376	28.9783589
Dattatray V. Jadhav	18.4626827	73.8673358
R. S. Holambe	19.1382514	77.3209555
Nicolas Coudray	47.7279858	7.3088926
Sonya A. Coleman	55.1511857	-6.6748021
Bryan Scotney	55.1511857	-6.6748021
GaoYun An	31.19884	121.432567
Sihyoung Lee	36.3504119	127.3845475
Wesley De Neve	51.0543422	3.7174243
K. N. Plataniotis	43.6602911	-79.3949476
Faguo Yang	33.664081	-117.853022
Zuyao Y. Shan	35.1516237	-90.0349866
Frithjof Kruggel	51.3396955	12.3730747
Shihui Ying	31.3145154	121.3806562
Takayuki Akiyama	35.6894875	139.6917064
Laurent Itti	34.1372602	-118.128216
Dou Shen	39.904211	116.407395
Justin Solomon	33.6518297	-117.8389422
Seong Jae Lee	43.514033	-83.9617862
Zoran Popovic	43.3209022	21.8957589
Sergey Levine	33.6518297	-117.8389422
Philipp Krähenbühl	47.3765359	8.5480928
Sebastian B. Thrun	40.4432289	-79.9441368
Ioannis Konstantinou	33.9519347	-83.357567
Evangelos Angelou	33.9519347	-83.357567
Dimitrios Tsoumakos	38.9920364	-76.9367935
Nectarios Koziris	37.9833518	23.7156466
Mikael Högqvist	52.5200066	13.404954
Michal Shmueli-Scheuer	33.6517695	-117.8317362
Haggai Roitman	32.7940463	34.989571
Yosi Mass	32.0775923	34.7891064
Vikas V. Deshpande	35.7832233	-78.6389527
Kemafor Anyanwu	33.9566656	-83.375192
Jaeseok Myung	37.48121	126.952712
Jongheum Yeon	37.48121	126.952712
Wen-Chih Peng	43.1225229	-77.6665722
D. Talia	39.3317751	16.1839028
A. Maroosi	35.7355505	51.5200179
Zhijie Zhao	52.389434	9.7151085
Xianlong Jin	31.1451004	121.4266452
Yuan Cao	41.8781136	-87.6297982
Seoung Bum Kim	32.9854538	-96.7543188
Emre Kaplan	41.0082376	28.9783589
Thomas B. Pedersen	40.8924477	29.3768722
E. Savas	44.5645659	-123.2620435
Sandro Vega-Pons	23.1135925	-82.3665956
Ravi Kothari	23.0316882	72.5345322
Pallath Paul	28.5429676	77.193806
Hiroyuki Ishida	35.1814464	136.906398
Raed Abu-Zitar	31.9453633	35.9283895
G. Vamvakas	37.9838096	23.7275388
B. Gatos	41.1300361	24.8864902
Stavros J. Perantonis	37.9838096	23.7275388
Bin Xiao	22.396428	114.109497
Jian Sun	34.341575	108.93977
J. Salvi	41.9794005	2.8214264
Sergio Fernandez	41.9794005	2.8214264
Tomislav Pribanić	45.812679	15.8661739
Xavier Lladó	51.5169409	-0.0591022
Karin Engel	52.1205333	11.6276237
Neelima Gupta	28.5471702	77.2002745
Seema Aggarwal	28.6785828	77.191584
Hee-Deok Yang	37.590401	127.035859
Annalisa Franco	44.4943894	11.349251
Zhaojun Xue	39.110096	117.1671447
Wei Song	31.230416	121.473701
Baikun Wan	39.110096	117.1671447
Shijiu Jin	39.110096	117.1671447
T. D'Orazio	41.1171432	16.8718715
M. Leo	41.1171432	16.8718715
Dong Xu	38.6598662	-90.3123536
Liang-Tien Chia	34.865784	-120.554501
Yingtao Zhang	45.74239	126.6338336
Patrick Butler	36.8743583	-76.1745441
Naren Ramakrishnan	37.210037	-80.4170106
Ramesh Raskar	42.361289	-71.088305
Pei-Ji Shao	30.6727429	104.0987917
Tao Zou	30.6526592	104.0747257
Jake Yue Chen	40.7607793	-111.8910474
Jun Huan	38.949202	-95.2641463
Gerald H. Lushington	38.949202	-95.2641463
Rosanna Verde	41.1061258	14.2130486
Henri Luchian	47.1742632	27.571638
Mohammad Saraee	32.7373617	51.5616308
Xu Gao	39.904211	116.407395
Yumin Zhao	39.904211	116.407395
M. Arun Kumar	28.5429676	77.193806
Mrinmaya Sachan	28.6139391	77.2090212
Ryutaro Ichise	35.7090259	139.7319925
M. S. Rajasree	12.9914929	80.2336907
Jian Zhuang	34.2499373	108.9886912
Bernardete Ribeiro	40.2033145	-8.4102573
Armando Vieira	41.1579438	-8.6291053
Joáo Duarte	41.1579438	-8.6291053
B. M. Patil	29.8662184	77.8953181
Kuangrong Hao	31.0318357	121.2103408
Dmitriy Komashinskiy	59.9342802	30.3350986
Ruud Wetzels	52.3561962	4.9470315
Raoul P. P. P. Grasman	52.3702157	4.8951679
Eric-Jan Wagenmakers	52.3561962	4.9470315
Jinxin Gao	39.768403	-86.158068
Freedom N. Gumedze	-33.9657883	18.48102
S. J. Welham	51.8095677	-0.3563221
Nicola Salvati	43.711194	10.4103726
M. Giovanna Ranalli	43.1107168	12.3908279
Ray Chambers	-34.4048874	150.880251
Mingan Yang	35.8991678	-78.8636402
David Dunson	35.8868141	-78.8763964
Donna Baird	35.8991678	-78.8636402
Josep Ginebra	41.3790881	2.1278398
Xavier Puig	41.3790881	2.1278398
Genaro Daza-Santacoloma	5.1627539	-75.662766
Carlos D. Acosta-Medina	5.070275	-75.5138166
Germán Castellanos-Domínguez	5.070275	-75.5138166
Jaakko Hollmén	60.1698557	24.938379
Bai Xiao	51.3661037	-2.3227844
Wenhua Wang	32.9854538	-96.7543188
Xunjian Che	45.7473103	126.6329723
Yuan Yuan	39.9834539	116.3266516
Tamer Shanableh	25.3163643	55.4905325
Khaled Assaleh	25.3163643	55.4905325
Hujun Yin	53.463993	-2.231197
Weilin Huang	53.4873621	-2.2271966
Oded Z. Maimon	32.1036332	34.8046043
Jens D. Nielsen	38.779652	-2.1646722
Rafael Rumí	36.8544828	-2.4109908
Antonio Salmerón	36.834047	-2.4637136
L. Mengual	40.442186	-3.7003236
Oscar Marban	40.4167754	-3.7037902
Santiago Eibe	40.442186	-3.7003236
Wei Hou	33.6858022	-117.8082831
Zhun Zhou	39.9891787	116.3396436
Gh. A. Montazer	35.6891975	51.3889736
Fernando Berzal	37.1776261	-3.6020343
Aída Jiménez	36.9879139	-3.5663073
A. Del Bimbo	43.7985362	11.2529979
Fabrizio Dini	43.7985362	11.2529979
G. Lisanti	43.8023469	11.2448827
Murat Kunt	46.5196535	6.6322734
Thierry Germa	43.604652	1.444209
N. Ouadah	36.6943775	2.9731072
Fan Chen	30.698826	104.054862
Silvio P. Sabatini	44.4056499	8.946256
F. Solari	44.4056499	8.946256
M. M. van Hulle	50.8798438	4.7005176
Nicolas Pugeault	56.1495541	-3.9182213
Roland Perko	46.0512135	14.5185278
Serge Belongie	39.503677	-77.926132
Jesús Alcalá-Fdez	36.9879139	-3.5663073
Andrea Bonarini	50.8503396	4.3517103
Oliver Kramer	51.7079179	8.7718403
Jinfu Liu	45.7473103	126.6329723
Yongbin Yang	45.803775	126.534967
Dariusz Malyszko	53.1324886	23.1688403
Jaroslaw Stepaniuk	53.1324886	23.1688403
Tiansi Hu	41.8120588	-72.2521017
Y. Fei	40.3492867	-74.6582332
Marco Loog	55.6760968	12.5683371
C. Zhang	22.3374868	114.1720025
D. A. Bell	54.685279	-5.9645025
Evan Wei Xiang	22.2917485	114.2715461
Derek Hao Hu	22.2917485	114.2715461
Alex Tze Hiang Sim	-37.884	145.0266
Maria Indrawan	-38.1532011	145.1340508
Samar Zutshi	-37.758	145.35
Wee-Keong Ng	42.2780183	-83.7370191
José M. Peña	40.4124967	-3.8706208
Christophe Rigotti	45.771944	4.8901709
Pedro Gómez-Vilda	40.3809156	-3.5863313
V. Robles	40.4167754	-3.7037902
Fazel Famili	45.4469556	-75.6220247
Neil Mac Parthaláin	52.417776	-4.065922
Q. Shen	55.9489418	-3.1872091
Reyer Zwiggelaar	52.6184758	1.2406141
Zorana Banković	40.4473608	-3.7384311
José Manuel Moya	40.4530047	-3.7270975
David Fraga	40.442186	-3.7003236
Juan Carlos Vallejo	40.4530047	-3.7270975
Wei-Wen Wu	24.765792	121.1080244
Yu-Ting Lee	24.797079	120.99678
Ming-Lang Tseng	24.0517963	120.5161352
Karin Becker	-30.0346471	-51.2176584
Mariangela Vanzin	-30.060644	-51.1741878
Yuwei Zong	31.230416	121.473701
P. A. Mitkas	43.0385723	-76.1345172
Arindam Biswas	22.5558616	88.3057061
Jo-Anne Ting	37.4418834	-122.1430195
Wolfgang Maass	48.0501442	8.2014192
Woongki Baek	37.413349	-122.1708056
Cynthia Dwork	42.4439614	-76.5018807
T. Pitassi	43.666663	-79.4023299
Shiva Prasad Kasiviswanathan	40.8018152	-77.8481049
M. Rudelson	38.9033716	-92.2785174
Jonathan Ullman	42.3800977	-71.1166286
Hazel Asuncion	33.664081	-117.853022
Arthur Asuncion	33.6508393	-117.853345
Jane Cleland-Huang	41.9251341	-87.6525127
Adam Czauderna	41.9251341	-87.6525127
Marek Gibiec	41.9251341	-87.6525127
John Emenecker	41.9251341	-87.6525127
Barbara Poblete	41.3850639	2.1734035
Ricardo A. Baeza-Yates	-33.3977867	-70.6562753
Joseph M. Hellerstein	37.8805941	-122.2447958
Daniel Kane	36.3665027	140.4709965
Jelani Nelson	40.3572976	-74.6672226
David Woodruff	36.3665027	140.4709965
Michael Hay	42.81917	-75.5368759
Vibhor Rastogi	31.767879	-106.440736
Gerome Miklau	47.6698745	-122.3102213
Rajendra Shinde	37.413349	-122.1708056
Pankaj Gupta	37.413349	-122.1708056
Debojyoti Dutta	34.1036186	-117.2914463
Zachary G. Ives	31.767879	-106.440736
Jinbao Wang	32.7531883	-117.1475926
Sai Wu	30.2929634	120.1689207
Eli Cortez	-3.1190275	-60.0217314
Altigran S. da Silva	-19.9166813	-43.9344931
Marcos André Gonçalves	-22.9099384	-47.0626332
Edleno Silva de Moura	-18.512178	-44.5550308
Arijit Khan	34.4120449	-119.851246
Xifeng Yan	37.9001975	-122.2744473
Kun-Lung Wu	41.2709274	-73.7776336
Pekka Kostamaa	33.9205822	-118.3954789
Like Gao	38.835268	-77.309476
Spyros Blanas	41.4444791	-87.6314312
Vuk Ercegovac	37.8805941	-122.2447958
Eugene J. Shekita	34.015501	-118.2930632
Sudipto Das	33.6858022	-117.8082831
Yannis Sismanis	38.9906657	-77.026088
Rainer Gemulla	51.0294529	13.7390843
P J Haas	37.3382082	-121.8863286
John McPherson	37.3382082	-121.8863286
Eric Lo	22.305748	114.179826
David W. Cheung	22.2840507	114.1378391
Zhenhui Li	40.7937047	-77.8681223
Ming Ji	45.803775	126.534967
Lu-An Tang	40.1105875	-88.2072697
Yintao Yu	40.6331249	-89.3985283
Mohamed Yakout	40.4131203	-86.9406509
Ahmed K. Elmagarmid	40.8018152	-77.8481049
Jennifer Neville	42.3951291	-72.5312372
Carlos Ordonez	25.7616798	-80.1917902
Javier García-García	19.3296228	-99.1853883
AnHai Doan	43.0765915	-89.4052247
M. Yasmina Santos	41.4548226	-8.2973961
Diana Gonçalves	41.44253	-8.2917857
Jorge Cruz	38.7222524	-9.1393366
Adnan Khashman	35.1189585	33.921798
C. L. Luengo Hendriks	8.4944302	76.9473164
Valerie Gouet-Brunet	48.837144	2.1107619
Maude Manouvrier	48.856614	2.3522219
Carlos A. Martínez-Ortiz	50.6921394	-3.4739613
Baihua Li	53.487286	-2.275025
Nicholas Costen	53.4807593	-2.2426305
Jinglu Tan	38.9290179	-92.3142621
Mark J. Li	22.337943	114.181587
Michael K. Ng	22.337943	114.181587
Zhihao Zhang	39.9946321	116.304625
Juan I. Godino-Llorente	40.3809156	-3.5863313
Shanq-Jang Ruan	25.041471	121.518577
H. Bustince	42.6953909	-1.6760691
E. Barrenechea	42.8059123	-1.6299338
D. S. Young	39.9510827	-75.602012
D. R. Hunter	39.9510827	-75.602012
Ian R. White	52.1728384	0.1422594
Patrick Royston	51.5256075	-0.136384
Fabrizio Consentino	50.8815197	4.6967578
Gerda Claeskens	50.8815197	4.6967578
David Afshartous	25.7875162	-80.194088
Richard A. Preston	25.7875162	-80.194088
Dexter O. Cahoy	32.531509	-92.6293223
Loizos Michael	42.3800977	-71.1166286
Daisuke Kitakoshi	35.1814464	136.906398
Josep Domingo-Ferrer	28.6793789	-106.1375785
Xiangping Bu	42.3574116	-83.0697777
Jia Rao	38.892083	-104.7972
C.-Z. Xu	42.3574116	-83.0697777
Andres Quiroz	40.521727	-74.460697
Manish Parashar	43.0385723	-76.1345172
Nathan Gnanasambandam	40.8018152	-77.8481049
Jonathan Eastep	42.3591	-71.0934
David Wingate	40.2525474	-111.6576145
A. Agarwal	48.4689721	-123.3151265
Kai Puolamäki	60.1698557	24.938379
A. Bertone	44.4056499	8.946256
Enrico Bertini	41.951969	12.5056904
Denis Lalanne	46.4658376	6.8532214
Christopher L. Carmichael	49.8096665	-97.1330969
Sebastian R. Spiegler	51.4771065	-2.6259899
Bruno Golénia	51.4771065	-2.6259899
Simon Price	51.455848	-2.6030754
John Guiver	42.3736158	-71.1097335
Ralf Herbrich	52.2046988	0.1197843
Thore Graepel	52.205337	0.121817
David Vogel	38.9338676	-77.1772604
Olufemi A. Omitaomu	36.01	-84.27
Ranga Raju Vatsavai	36.0103561	-84.2696449
Auroop R. Ganguly	36.0103561	-84.2696449
João Gama	41.1804589	-8.605948
Lise Getoor	38.9920364	-76.9367935
Gaston L'Huillier	-33.443809	-70.650391
Nicolas Figueroa	-33.443809	-70.650391
Dale A. Brajczuk	49.8096665	-97.1330969
Vincent Charvillat	43.6021758	1.4553538
John Oliensis	40.3572976	-74.6672226
Jun-Sik Kim	8.4944302	76.9473164
Pierre Gurdjos	43.5617391	1.4680172
Alexandre Benoit	48.837144	2.1107619
Barthélémy Durette	45.188529	5.724524
Nagesh Adluru	39.980825	-75.1495788
Haibin Ling	39.980825	-75.1495788
Vasilis Papadourakis	35.3387352	25.1442126
Dzulkifli Mohamad	1.4853682	103.7618154
Selim Aksoy	39.9333635	32.8597419
L. Bruzzone	46.0658551	11.1525516
Eckart Michaelsen	48.9475969	8.4114837
Uwe Stilla	48.1351253	11.5819806
Uwe Soergel	48.9475969	8.4114837
Leo Doktorski	48.9475969	8.4114837
Yinghua Wang	48.8262943	2.3464188
Florence Tupin	48.856614	2.3522219
Chong-Zhao Han	38.4965308	106.1373499
Guray Erus	48.8488576	2.3354223
Nicolas Loménie	48.8488576	2.3354223
S. Valero	64.1265206	-21.8174393
Hugues Talbot	-33.8688197	151.2092955
Sandra Eckert	45.8139584	8.6120782
M. Pesaresi	45.7786101	8.7471195
D. Ehrlich	45.7786101	8.7471195
Francesca Bovolo	46.0747793	11.1217486
Beril Sırmaçek	40.9794852	29.1419718
Cem ínsalan	40.9794852	29.1419718
Mounir Ait Kerroum	33.9715904	-6.8498129
Lourenco Bandeira	40.2033145	-8.4102573
Pedro Pina	38.7222524	-9.1393366
Thomas A. Lampert	53.9458093	-1.0468076
Simon O'Keefe	51.3085131	1.069896
J. P. Collomosse	51.3639371	-2.325886
Y. K. Lai	39.9990443	116.3246671
Cosmin Lazar	49.258329	4.031696
Andrei Doncescu	43.604652	1.444209
Nabil Kabbaj	43.604652	1.444209
Mordechai Gal-Or	40.434792	-79.989189
Jerrold H. May	40.4424402	-79.9531948
Sergio Manuel Serra da Cruz	-22.8648391	-43.2200531
Vanessa Batista	-22.8648391	-43.2200531
Edno Silva	-22.8648391	-43.2200531
Frederico Tosta	-22.8648391	-43.2200531
Clarissa Vilela	-22.8648391	-43.2200531
Márcio Dorn	-30.060644	-51.1741878
Osmar Norberto de Souza	-28.3181707	-52.7920984
Antonina Mitrofanova	35.712815	135.9711705
Bhubaneswar Mishra	31.777508	-106.496973
Jieyue He	32.0561898	118.7913915
S. Pellicer	32.5297685	-83.90536
Wai-Ki Ching	22.396428	114.109497
Yi Zhang	30.6313589	104.0809402
Geoffrey C. Fox	39.1670467	-86.5269373
Yanshan Xiao	23.12911	113.264385
Frank McSherry	37.3860517	-122.0838511
Guang-tong Zhou	36.6716339	117.0593187
Marian Kogler	46.6364598	14.3122246
Luigi Di Caro	45.01923	7.63375
Kimiaki Shirahama	34.690083	135.1955112
Kuniaki Uehara	34.6937378	135.5021651
Sangkyum Kim	40.1059233	-88.2120315
Brandyn White	28.585792	-81.208892
Larry S Davis	38.9784157	-76.9282872
Jeongyoun Ahn	35.905249	-79.0581498
Brian McWilliams	51.5177246	-0.1732294
Giovanni Montana	51.5073509	-0.1277583
Zhuang Wang	39.980825	-75.1495788
Slobodan Vucetic	39.980825	-75.1495788
Pauray S. M. Tsai	24.9132859	120.9991032
Changseok Bae	-30.4730963	149.6612155
Yuk Ying Chung	-30.4730963	149.6612155
Sin-Long Liu	43.1225229	-77.6665722
Benoít Naegel	46.2043907	6.1431577
Laurent Wendling	43.5609901	1.4630574
Stefano Scanzio	45.054478	7.6579399
Sandro Cumani	45.06284	7.66309
P. Laface	45.054478	7.6579399
Loïc Paulevé	48.0441162	-1.7479239
Laurent Amsaleg	48.837144	2.1107619
Dan Kelly	53.3812896	-6.5918499
Charles Markham	53.2847921	-9.0654626
Jordi Sanchez-Riera	46.1049798	7.0755334
I. Álvarez Illán	36.9879139	-3.5663073
J. M. Górriz	36.9879139	-3.5663073
Diego Salas-Gonzalez	36.9879139	-3.5663073
Míriam López	37.1773363	-3.5985571
Fermín Segovia	37.1773363	-3.5985571
P. Padilla	36.9879139	-3.5663073
C. G. Puntonet	36.9879139	-3.5663073
Lifan Liu	31.2974669	121.524883
George D. C. Cavalcanti	-8.8137173	-36.954107
Luís A. Alexandre	40.2777345	-7.507254
Shengjin Wang	39.9990443	116.3246671
Xiao-Qing Ding	40.00069	116.3288579
C. Piciarelli	46.0816493	13.2124291
Mohamed Tahir	24.2005508	55.6968239
Abdelaziz Bensrhair	49.380305	1.108209
Lynda Khalaf	45.3820792	-75.6972839
Dean Fantazzini	45.1847248	9.1582069
J. E. Griffin	51.2985733	1.0700043
Mark F. J. Steel	52.379411	-1.563191
Matei Demetrescu	50.1703746	8.6293081
Francesco Audrino	46.0107307	8.9581316
María Concepción Ausín	42.6857433	-8.9907938
Hedibert Freitas Lopes	41.8781136	-87.6297982
Walid Ben Omrane	45.5016889	-73.567256
Erick Rengifo	40.8621792	-73.88601
Jan Beran	47.6779496	9.1732384
Martin Schützner	47.6779496	9.1732384
Zhongfang He	43.6503577	-79.3869921
John M. Maheu	43.6660753	-79.3998331
George Kapetanios	51.5234103	-0.0405323
Irma Hindrayanto	52.3702157	4.8951679
Leonardo Morales-Arias	54.33883	10.15638
M. Lyra	50.5840512	8.6784031
J. Paha	50.5840512	8.6784031
S. Paterlini	44.6989932	10.6296859
Yasuhiro Omori	31.767879	-106.440736
E. Rossi	45.1847248	9.1582069
Stefan Sperlich	40.3082504	-3.7323934
F. Spazzini	45.4657931	9.2026631
Andrés M. Alonso	40.4167754	-3.7037902
D A Belsley	42.044057	-71.0588328
Erricos John Kontoghiorghes	31.767879	-106.440736
Herman K. van Dijk	51.9244201	4.4777325
Monica Billio	45.4408474	12.3155151
Massimiliano Caporin	45.4064349	11.8767611
Christophe Croux	50.8798438	4.7005176
G. M. Gallo	43.7695604	11.2558136
J. Dai	51.542007	9.9357571
J. W. Davidson	50.7371548	-3.5328337
Andrea Monticini	45.4654219	9.1859243
Linyuan Li	43.139353	-70.9361201
Jill Vandermeerschen	45.50232	-73.5436479
Dragana Miljkovic	50.8880787	4.6866572
L. Iocchi	41.8910001	12.5036217
J. García	40.5609399	-4.0167486
Peter Reichert	47.3768866	8.541694
F. Foscarini	45.8139584	8.6120782
G. Bellocchi	45.8139584	8.6120782
R. Confalonieri	37.4315734	-78.6568942
Cristian Savini	45.8139584	8.6120782
Dario Rossi	48.856614	2.3522219
Silvio Valenti	48.856614	2.3522219
Charalampos Rotsos	52.2016671	0.1177882
Jurgen Van Gael	52.2016671	0.1177882
Federico Rodríguez-Teja	-34.90262	-56.1765436
Carlos Martinez-Cagnazzo	-34.90262	-56.1765436
Eduardo Grampín Castro	-34.90262	-56.1765436
Tomas Rodriguez	40.4167754	-3.7037902
Narciso N. García	40.442186	-3.7003236
Yoichi Kobayashi	35.7090259	139.7319925
Xiaoliang Tang	38.8796632	121.5229574
Jiashi Feng	1.2936452	103.7749621
Zhan Song	22.543096	114.057865
Bart Goethals	50.91083	5.41336
Arne Koopman	52.0907374	5.1214201
Marvin Meeng	52.1601144	4.4970097
Clara Pizzuti	39.3604697	16.2265218
Amir massoud Farahmand	53.4943212	-113.5490268
Majid Nili Ahmadabadi	35.7048679	51.4000833
Carco Lucas	35.7826442	51.4633892
Babak Nadjar Araabi	35.7048679	51.4000833
Jianchao Yang	40.1105875	-88.2072697
Yun Fu	37.4172771	-122.0251679
Luciano Silva da Silva	-30.0699383	-51.1183331
Si Si	30.2850284	-97.7335226
Vincent Yan Tan	42.3591	-71.0934
Paulo J. G. Lisboa	53.4051034	-2.972528
Alfredo Velido	41.5911589	1.5208624
Francesco Napolitano	41.9027835	12.4963655
M. Ceccarelli	51.441642	5.4697225
José D. Martín-Guerrero	39.4699075	-0.3762881
Elia Biganzoli	45.47137	9.2296929
Zicheng Liu	8.4944302	76.9473164
Meng Wang	40.8988058	-73.1299016
Zheng-Jun Zha	31.8382982	117.2609521
Xian-Sheng Hua	47.6402817	-122.130493
Chenlei Guo	31.2974669	121.524883
Zen Chen	24.792678	121.002403
Shu-Kuo Sun	43.1225229	-77.6665722
Xiaofei He	30.2919691	120.1638917
Xiaoou Tang	22.4155671	114.2071897
Zhihua Zhou	32.1278598	118.9612698
Junghyun Ahn	46.5195985	6.5684919
Georgios Paltoglou	40.6400629	22.9444191
D Thalmann	45.5031602	-73.616467
Woo-Keun Chung	35.22979	129.089385
Feng Chang	30.5282346	114.4276539
Liman Liu	30.5116397	114.426337
Yao Tianshun	41.7674641	123.4145076
Dongjoe Shin	52.379411	-1.563191
Jaime Melendez	51.8125626	5.8372264
Kewei Tang	38.914003	121.614682
Binbin Lin	30.3087859	120.0862419
K. -O. Cheng	22.3055658	114.1887233
N. F. Law	22.3055658	114.1887233
Seong-O Shim	35.1595454	126.8526012
Krista Rizman alik	46.5636227	15.6240941
Julien Meynet	46.5196535	6.6322734
J. P. Thiran	46.5195985	6.5684919
C. Barat	45.453273	4.3859555
C. Ducottet	45.453273	4.3859555
Iñaki Albisua	43.2973313	-2.0126276
Iñigo Perona	43.2973313	-2.0126276
Haini Qu	31.2675598	121.2180046
Noor A. Samsudin	-27.4967609	153.0195338
Andrew P. Bradley	-27.6061106	151.9287869
Di Wang	42.4467049	-76.4830579
Hong Qiao	28.228209	112.938814
Annupan Rodtook	13.7626581	100.6759772
Nibaran Das	22.4991816	88.3706729
Mahantapas Kundu	22.49618	88.3725119
Mita Nasipuri	22.49618	88.3725119
Dipak Kumar Basu	22.49618	88.3725119
Hong Fu	22.396428	114.109497
Zhong Lin	45.3884357	-75.6979884
Kerem Altun	39.9333635	32.8597419
B. Barshan	39.9333635	32.8597419
Orkun Tunçel	39.9333635	32.8597419
Luciano Oliveira	40.205491	-8.420743
Urbano Nunes	40.205491	-8.420743
Marco Silva	40.2033145	-8.4102573
Liang Wang	39.904211	116.407395
M Li	39.9993865	-83.0227103
Qiang Wu	-33.8829343	151.2005362
Hicham Laanaya	33.9715904	-6.8498129
Arnaud Martin	47.644207	-2.777014
Vivek F. Farias	42.3591	-71.0934
Ciamac Moallemi	40.807722	-73.96411
Benjamin Van Roy	37.413349	-122.1708056
Steven C. H. Hoi	8.4944302	76.9473164
John Stanislaw Zelek	43.473289	-80.541671
Budhendra Bhaduri	36.0103561	-84.2696449
Anna Monreale	43.7228386	10.4016888
Salvatore Rinzivillo	43.7228386	10.4016888
Tamir Tassa	32.107476	34.795951
K L Clarkson	40.6951408	-74.4012651
Shaojie Qiao	30.6356501	104.0911486
C.-J. Tang	30.6356501	104.0911486
Shimon Whiteson	52.3561962	4.9470315
Alfredo Ferreira	38.7222524	-9.1393366
Marco Attene	44.4056499	8.946256
Manuel J. Fonseca	38.7222524	-9.1393366
Mauro R. Ruggeri	47.6779496	9.1732384
Giuseppe Patane	44.4056499	8.946256
Dietmar Saupe	53.1136899	8.8370204
A. Hilton	51.2423009	-0.5904827
J. Starck	51.2423009	-0.5904827
Xianfang Sun	51.4919075	-3.1868361
Ameesh Makadia	38.6736751	-90.3149303
K. Daniilidis	41.2033216	-77.1945247
Theoharis Theoharis	37.9838096	23.7275388
P. Daras	40.6400629	22.9444191
Nick Pears	51.3085131	1.069896
Tom Heseltine	51.3085131	1.069896
Marcelo Romero	53.9468445	-1.0540265
Limin Shang	38.9695621	-76.9432371
Michael Greenspan	45.4421977	-75.6181736
Ajmal S. Mian	-31.9786482	115.8197715
M. Bennamoun	-20.9175738	142.7027956
Martin Reuter	32.8549263	-96.7927003
Ioannis Pratikakis	37.9838096	23.7275388
Hong Qin	40.9039999	-73.1049364
S. Shalom	32.065375	34.84585
A. Shamir	32.162413	34.844675
D. Cohen-Or	32.1036332	34.8046043
Mona Mahmoudi	44.9746732	-93.2322351
Daragh Byrne	53.3853811	-6.2588538
G. J. F. Jones	52.198361	0.1206733
Cynthia Diane Rudin	40.8097368	-73.9608715
Axinia Radeva	40.8097368	-73.9608715
Haimonti Dutta	39.2897454	-76.6246644
Steve Ierome	40.7322535	-73.9874105
Delfina Isaac	40.7322535	-73.9874105
M. Campi	45.5639575	10.2313315
Stanislav Živný	51.7598952	-1.258517
Peter G. Jeavons	51.3147593	-0.5599501
Ola Amayri	45.4954247	-73.57795
Andrea Perego	45.4687528	9.2087517
Arin Ghazarian	35.7826442	51.4633892
S. Majid Noorhosseini	35.7826442	51.4633892
Emine Yilmaz	52.205337	0.121817
Gui-Rong Xue	30.274085	120.15507
O. Chapelle	40.3470543	-74.0643065
S. S. Keerthi	37.3541079	-121.9552356
F. Rinaldi	41.9027835	12.4963655
Fabio Schoen	45.4654219	9.1859243
M. Sciandrone	41.8977003	12.5097274
Hauke Strasdat	47.9990077	7.8421043
Elmar Diederichs	52.5200066	13.404954
Vladimir Spokoiny	52.5200066	13.404954
Christof Schütte	52.5200066	13.404954
Sayanan Sivaraman	32.8435671	-117.2409404
Rukshan Batuwita	51.7641155	-1.2632365
Stefano Rovetta	44.4056499	8.946256
A. Talevski	-37.717717	145.0438643
Chowdhury Farhan Ahmed	23.7341698	90.3927502
Byeong-Soo Jeong	33.7784626	-84.3988806
Quang Loc Le	1.2936452	103.7749621
Tran Khanh Dang	10.8230989	106.6296638
Tiezheng Nie	41.7674641	123.4145076
Derong Shen	41.7674641	123.4145076
Alexander Artikis	51.4981791	-0.1741152
Georgios Paliouras	37.9838096	23.7275388
François Portet	57.1653111	-2.1044802
Shin-Ichi Maeda	34.7321923	135.7322775
Shin Ishii	34.6850869	135.8050002
K. S. Nikita	37.9838096	23.7275388
Minas A. Karaolis	35.1855659	33.3822764
Joseph A. Moutiris	34.7720133	32.4297369
Demetra Hadjipanayi	35.1855659	33.3822764
Constantinos Pattichis	35.1855659	33.3822764
Theodor Chris Panagiotakopoulos	38.2466395	21.734574
Dimitrios P. Lyras	38.3019603	21.7809193
Miltos Livaditis	40.8457193	25.873962
Kyriakos N. Sgarbas	38.3019603	21.7809193
George C. Anastassopoulos	40.8457193	25.873962
S. Mougiakakou	37.9838096	23.7275388
Christos S. Bartsocas	38.0549562	23.807655
Evangelos Bozas	37.9838096	23.7275388
Nikos Chaniotakis	35.3387352	25.1442126
Dimitra Iliopoulou	37.9838096	23.7275388
I. Kouris	41.1300361	24.8864902
Sotirios Pavlopoulos	37.9838096	23.7275388
Aikaterini Prountzou	37.9838096	23.7275388
Marios Skevofilakas	37.9838096	23.7275388
Alexandre Tsoukalis	38.0035103	23.8835158
Kostas Varotsis	35.3387352	25.1442126
Andrianni Vazeou	37.9838096	23.7275388
Konstantia Zarkogianni	37.9838096	23.7275388
Babak Taati	44.2267439	-76.4968983
Jasper Snoek	43.6503577	-79.3869921
Sabri Boutemedjet	45.3816115	-71.9272467
Akshaya Kumar Mishra	43.4642578	-80.5204096
Paul W. Fieguth	43.4723337	-80.5461394
Peter McMahon	37.413349	-122.1708056
João Bartolo Gomes	40.442186	-3.7003236
E. Menasalvas	40.442186	-3.7003236
Andrea Zanda	40.4167754	-3.7037902
Jacques Demongeot	45.205168	5.737805
David Zimbra	28.067177	-82.4530718
Franz Leberl	47.070714	15.439504
Thomas Pock	50.73743	7.0982068
Arnold Irschara	47.070714	15.439504
Stefan Kluckner	47.070714	15.439504
Yasutaka Furukawa	40.1131463	-88.2264517
Noah Snavely	31.767879	-106.440736
Brian Curless	47.6698745	-122.3102213
Steve Seitz	37.8764984	-122.2804342
R. Szeliski	42.3736158	-71.1097335
Victor S. Lempitsky	42.3736158	-71.1097335
Stefan Roth	43.514033	-83.9617862
Ahmed Bilal Ashraf	40.4432289	-79.9441368
Pedro J. Ballester	51.5073509	-0.1277583
G. Reinelt	48.3705449	10.89779
Andre Altmann	49.2401572	6.9969327
T Lengauer	51.7079179	8.7718403
Jaap Heringa	52.3344753	4.8658302
Linbin Yu	32.9854538	-96.7543188
Anton Dries	41.3881254	2.1820656
Siegfried Nijssen	52.1569487	4.481357
Bianca Wackersreuther	48.1351253	11.5819806
Annahita Oswald	48.1351253	11.5819806
Karsten M. Borgwardt	48.5216364	9.0576448
Lawrence B. Holder	40.1105875	-88.2072697
Norashikin Ahmad	2.189594	102.2500868
D. Alahakoon	-37.9104511	145.1348243
Rowena Chau	-37.9104511	145.1348243
Aris Gkoulalas-Divanis	39.3621896	22.942159
Vassilios S. Verykios	39.3621896	22.942159
Pralhad Ramachandrarao	15.4909301	73.8278496
Antonella Farinaccio	45.4654219	9.1859243
Mario Giacobini	46.5287859	6.6528621
Giancarlo Mauri	45.4619491	9.2346897
Paolo Provero	45.070312	7.6868565
Phillip Verbancsics	28.585792	-81.208892
K. Stanley	37.8805941	-122.2447958
Amelia Zafra	38.1382192	-5.2057909
Xavier Llorà	40.1105875	-88.2072697
Matthijs Snel	55.9224503	-3.1724447
Cynthia B. Pérez	31.8726367	-116.6523873
Carolyn Penstein Rosé	40.4432289	-79.9441368
Maria A. Franco	10.4101496	-66.8803564
Jaume Bacardit	52.9436512	-1.1873402
Olivier Sigaud	48.8544049	2.2940283
Witold Jacak	48.30694	14.28583
Herbert Stekel	48.30694	14.28583
Risto Miikkulainen	30.267153	-97.7430608
Élisa Fromont	48.1173421	-1.7075198
Krzysztof Dembczyński	52.406374	16.9251681
Roman Slowiński	52.406374	16.9251681
Paulo Azevedo	40.6304267	-8.6532262
Hassan H. Malik	40.807722	-73.96411
John R Kender	40.807722	-73.96411
Dmitriy Fradkin	40.5169355	-74.4406724
Fabian Moerchen	50.8021728	8.7667933
Bernd Wiswedel	47.6779496	9.1732384
Frank Höppner	53.3594029	7.2060095
Michael R. Berthold	47.6779496	9.1732384
Evan Ribnick	44.9753541	-93.2330739
N. P. Papanikolopoulos	44.9731472	-93.2153631
J. M. Alvarez	36.721261	-4.4212655
Vladimir I. Pavlovic	33.8095174	-118.3041182
Sanjiv Kumar	40.4432289	-79.9441368
Chen Change Loy	3.0590442	101.7108621
Luis Pizarro	49.3964234	7.0229607
Stephan Didas	39.5727386	-95.3027415
Sven Grewenig	39.5727386	-95.3027415
C. Simon	43.184277	3.003078
Derek Beaton	41.6376043	-70.9036487
Erik B. Sudderth	42.3591	-71.0934
Alexander T. Ihler	42.3736158	-71.1097335
Michael Isard	51.7584303	-1.2566456
A. Bezerianos	38.2466395	21.734574
Xiaodong Gu	39.9806034	116.3100912
Xiaoli Huan	35.1156807	-89.945059
Beddhu Murali	35.1156807	-89.945059
S.M. Shahed Nejhum	29.6388446	-82.3423789
Hassan Foroosh	28.585792	-81.208892
Mark F. Hansen	51.5002066	-2.5474905
Gary A. Atkinson	39.6818471	-104.9603049
Melvyn L. Smith	51.454513	-2.58791
Kiriakos Patriarcheas	38.2466395	21.734574
Tianqiang Huang	26.0391279	119.3076552
Yangqiang Yu	26.0391529	119.3226045
Gongde Guo	26.0391279	119.3076552
Kai Li	34.2458313	108.9161169
Juan Carlos Fernández Caballero	37.8881751	-4.7793835
Cesar Hervás	37.8677249	-4.7976431
P. A. Gutiérrez	37.8881751	-4.7793835
Jason Van Hulse	30.3135522	-81.6004765
Amri Napolitano	26.3775375	-80.1044703
P. Schneider	53.2193835	6.5665018
Han Stiekema	53.2193835	6.5665018
Th. Villmann	49.4179146	7.8011308
J. Arturo Olvera-López	19.0318871	-98.3129504
J. Francisco Martínez-Trinidad	19.0318871	-98.3129504
Margaret H. Dunham	32.8419491	-96.7756596
Michael Hohsler	48.2081743	16.3738189
R. Vezzani	44.6989932	10.6296859
Rita Cucchiara	44.8333129	11.5995389
Quinn Taylor	40.2525474	-111.6576145
C. Giraud-Carrier	40.2525474	-111.6576145
P. Jedrzejowicz	54.5188898	18.5305409
Izabela Wierzbowska	54.5188898	18.5305409
Sun Kim	40.001485	-83.0148119
John C. Hayward	41.868737	-88.0996058
Carolina Ruiz	38.9784157	-76.9282872
Mary Sullivan	42.2727579	-71.7921681
Jennifer Tseng	42.2727579	-71.7921681
Giles Whalen	42.2727579	-71.7921681
A. Hotho	51.3127114	9.4797461
Gerd Stumme	49.860229	8.6800033
Matthew Rowe	53.3810888	-1.4811068
Fabio Ciravegna	53.38071	-1.48406
Michael Greenacre	41.3881254	2.1820656
T. Hastie	37.413349	-122.1708056
Ana Galindo-Serrano	41.3850639	2.1734035
L. Giupponi	41.9642405	2.8301716
Pallika Kanani	42.3951291	-72.5312372
Thiago Salles	-18.916396	-48.2580759
Leonardo C. D. Rocha	-18.916396	-48.2580759
F. Mourao	-18.9203231	-48.2613144
James Caverlee	33.7784626	-84.3988806
Stephen B. Webb	46.2652316	-86.6309875
Nicolas Usunier	48.856614	2.3522219
Luo Si	40.4432289	-79.9441368
A. P. Mathur	40.4131203	-86.9406509
Edgar Meij	52.3561962	4.9470315
Charu Aggarwal	42.3591	-71.0934
Peixiang Zhao	22.417534	114.20383
Balaji Krishnapuram	36.0018986	-78.9402817
Ori Gershony	47.6768927	-122.2059833
Diane Lambert	40.4432289	-79.9441368
Deirdre B. O'Brien	33.6518297	-117.8389422
Mike Meyer	37.8740622	-122.2373817
Xuerui Wang	42.3951291	-72.5312372
Ruofei Zhang	37.3893174	-121.9790044
Rong Jin	42.727455	-84.498557
Kakali Sarkar	39.2037144	-76.8610462
Michael Gilligan	39.2037144	-76.8610462
Bryan L. Matthews	36.778261	-119.4179324
Ashok N. Srivastava	36.778261	-119.4179324
Mohit Kumar	29.8621718	77.8963441
Rayid Ghani	41.7857416	-87.5903039
Zhu-Song Mei	41.8781136	-87.6297982
Cezar Pendus	41.2709274	-73.7776336
Chandan K. Reddy	42.3168342	-83.0965906
David L. Jensen	41.2709274	-73.7776336
James J. Bennett	43.16103	-77.6109219
Gary F. Anderson	41.394817	-73.4540111
Brent R. Cooley	42.6525793	-73.7562317
Melissa Kowalczyk	42.6525793	-73.7562317
Mark Domick	42.6525793	-73.7562317
Timothy Gardinier	42.6525793	-73.7562317
Yuming Ou	39.9615264	116.4160232
Gang Wei	42.3574116	-83.0697777
Yanfang Ye	24.4357457	118.0933388
Qingshan Jiang	22.543096	114.057865
Shen-Shyang Ho	38.835268	-77.309476
W. T. Liu	34.1561783	-118.1528623
Furu Wei	39.9806034	116.3100912
Shimei Pan	40.7127837	-74.0059413
Michelle X. Zhou	40.7127837	-74.0059413
Weihong Qian	39.904211	116.407395
Keith Henderson	37.6818745	-121.7680088
Tina Eliassi-Rad	43.0730517	-89.4012302
Leman Akoglu	40.4432289	-79.9441368
B. Aditya Prakash	40.4432289	-79.9441368
Hanghang Tong	40.8270209	-73.9506774
Byron C. Wallace	42.4036848	-71.120482
Aditya Khosla	37.413349	-122.1708056
Yu Cao	37.3382082	-121.8863286
Cliff Chiung-Yu Lin	25.041471	121.518577
Hsu-Kuang Chiu	37.413349	-122.1708056
Junling Hu	42.2780183	-83.7370191
Honglak Lee	42.2780183	-83.7370191
Yan Yan	39.9990443	116.3246671
Glenn Fung	43.0730517	-89.4012302
J. Dy	40.4131203	-86.9406509
Yuntao Jia	40.110833	-88.226944
Duo Zhang	39.9990443	116.3246671
Jingyi Guo	39.9990443	116.3246671
Rahul Agrawal	26.449923	80.3318736
Rajiv Khanna	19.1313472	72.9181312
Nagaraj Kota	12.9498313	77.6422741
R. Srikant	40.1105875	-88.2072697
Sugato Basu	37.3860517	-122.0838511
Ni Wang	40.7127837	-74.0059413
Maayan Roth	32.0852999	34.7817676
Assaf Ben-David	31.779193	35.196198
David Deutscher	32.7940463	34.989571
Guy Flysher	32.788611	34.959167
Ilan Horn	32.7940463	34.989571
Ari Leichtberg	32.7940463	34.989571
Naty Leiser	32.7940463	34.989571
Ron Merom	32.0852999	34.7817676
Ryan N. Lichtenwalter	41.6973401	-86.2377772
Jake T. Lussier	41.6973401	-86.2377772
Liwen Sun	37.8805941	-122.2447958
Reynold Cheng	22.2840507	114.1378391
Jiefeng Cheng	22.543096	114.057865
Toon Calders	42.4374298	-83.1655701
Ni Lao	39.9990443	116.3246671
Eric Xing	37.8764984	-122.2804342
Liang Sun	40.2525474	-111.6576145
Betul Ceran	33.4205343	-111.9339825
Chiyuan Zhang	30.2919691	120.1638917
Mingyang Zhang	1.352083	103.819836
Zhenyi Wen	40.1155343	-88.183342
Ching-Yung Lin	41.2709274	-73.7776336
Vincent Leroy	48.117266	-1.6777926
Xu-Ying Liu	32.0569463	118.7809448
Iris Adä	47.6779496	9.1732384
Josh Attenberg	40.6781784	-73.9441579
Chih-Hua Tai	25.041471	121.518577
Arik Friedman	-33.8688197	151.2092955
Assaf Schuster	31.779193	35.196198
Raghav Bhaskar	48.837144	2.1107619
Abhradeep Thakurta	40.8018152	-77.8481049
Purnamrita Sarkar	37.9135894	-122.2847949
Saeed Alaei	38.9920364	-76.9367935
Azarakhsh Malekian	38.9916926	-76.9414781
Erik Vee	47.6698745	-122.3102213
Hossein Maserrat	35.6891975	51.3889736
Guoming He	39.9734538	116.3159493
Haijun Feng	39.970985	116.3141042
Cuiping Li	39.9698632	116.310708
Hong Chen	39.966956	116.321367
Mary McGlohon	40.4432289	-79.9441368
Ian C. Davidson	42.6882695	-73.8194923
Junming Shao	48.1351253	11.5819806
Qinli Yang	55.9462691	-3.1847238
L T Watson	42.275021	-83.733101
Richard F. Helm	36.8743583	-76.1745441
William B. March	33.7784626	-84.3988806
Parikshit Ram	33.7784626	-84.3988806
Jian-Guang Lou	39.9806034	116.3100912
Qiang Fu	39.9806034	116.3100912
Shengqi Yang	39.9629312	116.3581284
Dafna Shahaf	40.4432289	-79.9441368
Carlos Guestrin	37.413349	-122.1708056
Zhaonian Zou	45.7473103	126.6329723
Hongliang Fei	38.949202	-95.2641463
Seungil Huh	40.4432289	-79.9441368
Takeshi Yamada	35.4430818	139.3624889
Naonori Ueda	35.0116363	135.7680294
Michael Jahrer	47.0678392	15.4502625
Andreas Töscher	47.0678392	15.4502625
Robert A. Legenstein	47.070714	15.439504
Pradheep Elango	43.0765915	-89.4052247
Harald Steck	40.6848969	-74.4024741
Shiwan Zhao	39.904211	116.407395
Xiatian Zhang	39.904211	116.407395
Jimeng Sun	41.2709274	-73.7776336
Abdulmohsen Algarni	-27.4778636	153.0272026
Ruizhang Huang	22.417442	114.203926
Gerhard Paass	50.7694775	7.1875786
Hongning Wang	40.1105875	-88.2072697
Cheng-xiang Zhai	32.0593072	118.7852349
Xiangnan Kong	32.0569463	118.7809448
Christopher DuBois	33.664081	-117.853022
Jing Gao	42.95354	-78.813843
Wei Fan	39.9641688	116.3572527
Yizhou Sun	40.1155343	-88.183342
Dan Preston	47.6062095	-122.3320708
Roni Khardon	42.3800977	-71.1166286
Damien Sulla-Menashe	42.3518484	-71.1107301
Mark A. Friedl	42.3518484	-71.1107301
Kai-Wei Chang	25.041471	121.518577
Vikas Raykar	37.3541079	-121.9552356
Chuancong Gao	39.9990443	116.3246671
Josh C. Bongard	47.3978168	8.5505743
Yong Ge	39.9942845	116.4110864
A. Tuzhilin	8.4944302	76.9473164
Keli Xiao	40.7416983	-74.1741891
Marco Gruteser	40.5169355	-74.4406724
S. Ranka	43.0385723	-76.1345172
Lionel M. Ni	42.3168342	-83.0965906
Jian-Ping Fan	22.543096	114.057865
Cindy Xide Lin	40.1105875	-88.2072697
M. Sozio	41.951969	12.5056904
Anon Plangprasopchok	33.9802893	-118.4517449
Dawei Yin	-33.8829343	151.2005362
Zhenzhen Xue	40.605337	-75.376463
Liangjie Hong	40.605337	-75.376463
Brian D. Davison	40.554887	-74.4642861
Zaiqing Nie	33.4205343	-111.9339825
Nenghai Yu	31.8382982	117.2609521
D. Sculley	42.4036848	-71.120482
Dragomir R. Radev	40.807722	-73.96411
Manuel Gomez Rodriguez	48.1351253	11.5819806
Yajun Wang	31.19884	121.432567
Guojie Song	39.9946321	116.304625
Kunqing Xie	39.9946321	116.304625
Chenhao Tan	39.9990443	116.3246671
Fengjiao Wang	39.9261519	116.2366291
Theodoros Lappas	51.4925846	-0.1852592
Dimitrios Gunopulos	40.3492867	-74.6582332
Heikki Mannila	60.1698557	24.938379
Feng Chen	30.274085	120.15507
Arnold P. Boedihardjo	37.210037	-80.4170106
Abdullah Mueen	33.971632	-117.320556
Eamonn J. Keogh	33.6517695	-117.8317362
Bolin Ding	22.2783151	114.174695
Robert J. Durrant	52.45126	-1.93668
Ata Kabán	55.844444	-4.430764
Junfeng He	22.2917485	114.2715461
Shiqian Ma	40.807722	-73.96411
Jianzhuang Liu	22.543096	114.057865
Peng Liu	42.4467049	-76.4830579
Arvind Agarwal	40.7627889	-111.8504215
Jeff M. Phillips	36.0018986	-78.9402817
S. Venkatasubramanian	33.6518297	-117.8389422
Tianbao Yang	42.727455	-84.498557
Wei Tong	42.727455	-84.498557
Jianhui Chen	30.2639373	120.122803
Ji Liu	38.6595336	-90.315018
Srinivas Vadrevu	33.4205343	-111.9339825
Ya Zhang	31.19884	121.432567
B D Tseng	41.2709274	-73.7776336
Yu Zhang	1.352083	103.819836
N. Le Roux	45.8390831	1.2351037
Gangbing Song	29.7671923	-95.3577168
F. L. Lewis	38.8799697	-77.1067698
Vinhthuy T. Phan	35.1242857	-89.9360705
Sudip Saha	35.1456797	-90.0545542
Ashutosh Pandey	35.1456797	-90.0545542
Tit-Yee Wong	35.1242857	-89.9360705
M S Song	36.0190178	129.3434808
Seak Fei Lei	38.949202	-95.2641463
Paul E. Debevec	39.503677	-77.926132
Paulo F. U. Gotardo	39.9993865	-83.0227103
Yao-Tien Chen	33.5999919	-83.8600252
S. P. Moustakidis	40.6400629	22.9444191
J. B. Theocharis	40.5964806	22.9799892
C. Lopez-Molina	42.812526	-1.6457745
Pedro Couto	41.3010351	-7.7422354
Bernard De Baets	51.0543422	3.7174243
Runing Ma	32.060255	118.796877
Carlotta Orsenigo	45.459792	9.1968058
C. Vercellis	45.4723514	9.1964401
J. Díez	43.5322015	-5.6611195
Juan José del Coz	43.5322015	-5.6611195
Antonio Bahamonde	43.5322015	-5.6611195
I. Siddiqi	48.8434912	2.3518339
Nicole Vincent	48.8564603	2.3309123
Liqiang Ji	39.9942845	116.4110864
Gavin Brown	-33.8829343	151.2005362
Ludmila I. Kuncheva	52.1306607	-3.7837117
Ioannis Giannoukos	37.9838096	23.7275388
V. Loumos	37.9838096	23.7275388
Zehra Cataltepe	41.0082376	28.9783589
Yu-Shen Liu	39.9990443	116.3246671
Jing Yi	40.0009204	116.334307
Hong Chen	39.966956	116.321367
Simei Gomes Wysoski	-36.8917164	174.8020359
Lubica Benusková	-36.8535155	174.7652978
Kunihiko Fukushima	35.7090259	139.7319925
Yijun Zuo	33.4205343	-111.9339825
H. Bustince	42.6953909	-1.6760691
Stefano Mazzocchi	42.359858	-71.0991299
Praveen Kumar Paritosh	41.8954119	-87.6197349
W. Bradley Knox	30.267153	-97.7430608
Guy Shani	47.6739881	-122.121512
Bruno N. da Silva	-22.8858975	-43.1152211
Alan K. Mackworth	49.2515653	-123.2401187
Peng Zang	33.7784626	-84.3988806
Marek Grześ	53.1324886	23.1688403
Doina Precup	45.5367573	-73.1577849
Matteo Leonetti	41.9014226	12.5125693
Chongjie Zhang	30.4037696	-91.1690749
Victor Lesser	42.3951291	-72.5312372
Sherief Abdallah	42.3848177	-72.5326959
Jinzhong Niu	40.7773236	-73.7226313
Alan Fern	40.4131203	-86.9406509
Frank Kirchner	50.7694775	7.1875786
Michael L. Norman	40.1105875	-88.2072697
Allan Snavely	32.8753618	-117.2358622
M. E. Papka	40.6331249	-89.3985283
O. Kroemer	48.5216364	9.0576448
Renaud Detry	50.5857641	5.5713497
Imran N. Junejo	28.585792	-81.208892
Kevin Bowyer	41.6973401	-86.2377772
Lilla Böröczky	35.9451652	-78.8655363
Kivilcim Sungur-Stasik	40.8409822	-73.9447994
Aaron D. Cann	40.8409822	-73.9447994
Alain C. Borczuk	40.8409822	-73.9447994
Steven M. Kawut	40.8409822	-73.9447994
Charles A. Powell	40.8409822	-73.9447994
Paolo Soda	41.7679561	12.4700391
Stefano Mazzoleni	43.6620444	10.6242085
Mykola Pechenizkiy	62.2426034	25.7472567
Francesco Tortorella	41.4907889	13.8333776
Leandro Dos Santos Coelho	-27.5953778	-48.5480499
Mehmet Koç	39.7916176	30.5002171
Atalay Barkana	8.4944302	76.9473164
Lykomidis Mastroleon	33.6518297	-117.8389422
N. Bambos	34.0729489	-118.4431764
Vineet Chaoji	42.7284117	-73.6917851
Apirak Hoonlor	42.7284117	-73.6917851
Vassilis Athitsos	42.3518484	-71.1107301
Charalampo Doukas	37.7559533	26.9761997
Ilias Maglogiannis	38.8959734	22.4349003
Emmanouel Sardis	37.9833518	23.7156466
Athanasios Voulodimos	33.9519347	-83.357567
Vasilios Anagnostopoulos	37.9838096	23.7275388
Constantinos Lalos	37.9838096	23.7275388
Dimitrios I. Kosmopoulos	37.9838096	23.7275388
B Cestnik	46.0569465	14.5057515
Lini T. Thomas	18.6245012	75.6004397
Satyanarayana R Valluri	17.445011	78.3528185
Kamalakar Karlapalem	22.3185673	114.1796057
Meghana Deodhar	30.2850284	-97.7335226
P. Boldi	45.4654219	9.1859243
Yin Zhang	40.1136943	-85.6613123
Zoran Bosnić	46.0569465	14.5057515
Antonio LaTorre	40.442186	-3.7003236
Santiago Muelas	40.442186	-3.7003236
Huirong Fu	42.6743766	-83.2152413
Raudel Hernández-León	19.0318871	-98.3129504
Wenbo Zhao	39.904211	116.407395
Zhi-Yong Shen	39.910886	116.3357368
Jerzy W. Grzymala-Busse	52.2296756	21.0122287
W. Rzasa	50.0411867	21.9991196
A Skowron	52.2296756	21.0122287
R. Renaut	33.4205343	-111.9339825
J. L. Mead	43.6031229	-116.2048204
Rong-Xian Yue	31.1559003	121.4149785
Galen I. Papkov	29.7183467	-95.4306141
Lin-Yee Hin	5.4278036	100.3027952
J. L. Barlow	39.9486389	-75.1990503
Heidi Arnouts	51.2224677	4.4101344
I. Markovsky	50.8620895	4.6858923
Jong Soo Lee	40.4432289	-79.9441368
Anastasia Lykou	54.0087288	-2.7849236
Joe Whittaker	34.6867846	-118.1541632
Christopher J. Marley	50.9097004	-1.4043509
David C. Woods	50.9097004	-1.4043509
Ricardo A. Maronna	-34.9204948	-57.9535657
Victor J. Yohai	-34.5101473	-58.6864035
Rajiv S. Menjoge	42.3570439	-71.0928603
Roy E. Welsch	42.3591	-71.0934
Aleksey Min	48.2488721	11.6532477
Claudia Czado	48.2488721	11.6532477
Ruben H. Zamar	49.2515653	-123.2401187
Carlos A. Abanto-Valle	-22.8626877	-43.2258954
D. Bandyopadhyay	32.7764749	-79.9310512
Pedro C. Alvarez-Esteban	41.6530417	-4.7135268
E. del Barrio	41.652251	-4.7245321
J. A. Cuesta-Albertos	43.1828396	-3.9878427
Carlos Matran	41.652251	-4.7245321
Rodrigo M. Basso	-22.9099384	-47.0626332
Pulak Ghosh	33.7910934	-84.322313
Daniel Rodriguez	40.440368	-79.9836108
Ana M. Pires	38.7222524	-9.1393366
Isabel M. Rodrigues	38.7222524	-9.1393366
Simone Borra	41.8484155	12.6200302
A. Di Ciaccio	41.9014079	12.5122612
Yin-Ping Chen	24.968847	121.19551
Hsin-Cheng Huang	25.0329636	121.5654268
I-Ping Tu	25.0329636	121.5654268
Sarah Gelper	50.8742987	4.700255
Koen Mahieu	50.8742987	4.700255
M. Debruyne	50.8798438	4.7005176
Johan Van Horebeek	21.0180008	-101.2566302
E. Dupuis Lozeron	46.2000323	6.1638785
M. P. Victoria-Feser	46.2000323	6.1638785
Takeshi Emura	43.1225229	-77.6665722
Weijing Wang	43.1225229	-77.6665722
L. A. García-Escudero	41.6530417	-4.7135268
Alfonso Gordaliza	41.6530417	-4.7135268
A. Mayo-Iscar	41.6530417	-4.7135268
R. San Martín	41.6530417	-4.7135268
Anna Gottard	43.7695604	11.2558136
Simona Pacillo	41.1297613	14.7826208
Mark J. van der Laan	37.8764984	-122.2804342
Jana Jurečková	50.1071647	14.4722816
Jan Picek	50.76628	15.0543387
A. K. Md. Ehsanes Saleh	45.3884357	-75.6979884
Jafar A. Khan	23.7809779	90.3755921
T. D. Nguyen	40.1139922	-88.2264891
Chenlei Leng	1.2936452	103.7749621
Robin Nunkesser	51.5135872	7.4652981
Rachida Ouysse	-33.9175907	151.2289749
Antony M. Overstall	50.934189	-1.3956847
Stephanie Powers	52.2495025	-113.8298643
Richard H. Gerlach	-32.928333	151.781667
Marco Riani	44.8011463	10.3256976
A. C. Atkinson	51.5139664	-0.1167323
Y. Rozenholc	32.7814576	-96.8019445
Thoralf Mildenberger	51.5135872	7.4652981
M. J. Rufo	40.298414	-6.5249759
J. Martín	40.298414	-6.5249759
C. J. Pérez	40.298414	-6.5249759
Michael Schomaker	48.15217	11.58137
Alan T. K. Wan	22.3374868	114.1720025
Christian Heumann	48.15217	11.58137
Steffen Unkel	52.0249136	-0.7097474
A. Y. Zomaya	-33.8088372	151.0209309
Zhongfei Zhang	42.0986867	-75.9179738
Julien Bloit	48.8534275	2.3582788
Nicolas Rasamimanana	48.856614	2.3522219
Frédéric Bevilacqua	33.664081	-117.853022
Juan Jose Pantrigo	40.3232129	-3.8676291
Javier Hernández	40.3351225	-3.8721822
Pabitra Mitra	22.3176999	87.3091998
Daniel Hernández-Lobato	40.525069	-3.6927531
José Miguel Hernández-Lobato	40.525069	-3.6927531
Renaud Péteri	40.2927633	-76.3868797
Sándor Fazekas	47.497912	19.040235
Mark J. Huiskes	52.3702157	4.8951679
Zhiming Qian	28.228209	112.938814
Kamal Nasreddine	48.390394	-4.486076
Glauco V. Pedrosa	-18.916396	-48.2580759
F. J. Valverde-Albacete	40.3329902	-3.7652469
Carmen Peláez-Moreno	40.331352	-3.7664012
Pipei Huang	39.9825772	116.3556658
Christian Wöhler	48.4010822	9.9876076
Goh Kah Ong Michael	2.2650682	102.2839479
Tee Connie	2.189594	102.2500868
Michał Lewandowski	51.404482	-0.3007741
Dimitrios Makris	37.9785773	23.707127
Jean-Christophe Nebel	51.4036032	-0.303575
Jiangtao Cui	34.2275457	108.9181783
Zhiyong An	37.4795949	121.4540888
Shui-sheng Zhou	34.2275457	108.9181783
John Wright	40.4432289	-79.9441368
Yifeng Fan	34.228873	108.940353
Lionel Gueguen	48.8262943	2.3464188
Kathryn Merrick	-30.4730963	149.6612155
Jianping Huang	40.2170534	-74.7429384
Hong Fang	34.3831127	-92.1055126
Xiaohui Fan	30.3087859	120.0862419
Zhengxing Huang	51.441642	5.4697225
W. M. P. van der Aalst	51.441642	5.4697225
Xudong Lu	36.6716339	117.0593187
Liwei Fan	1.2960392	103.7723444
K. L. Poh	1.352083	103.819836
De-fu Zhang	24.4357457	118.0933388
XiYue Zhou	24.4357457	118.0933388
Jiemin Zheng	24.4357457	118.0933388
N. Jeremy Hill	48.5216364	9.0576448
Andreas Martin Lisewski	29.7118597	-95.3956184
F. Martinez-Alvarez	37.3550756	-5.9472802
A. Troncoso	37.357733	-5.9397739
Cristina Rubio-Escudero	40.8391367	-75.5626039
Jia-Lang Seng	38.9784157	-76.9282872
T. C. Chen	43.1225229	-77.6665722
Gangquan Si	34.2498445	108.9857427
Yanbin Zhang	34.2498445	108.9857427
Shenghe Yi	43.9140489	125.3947873
Jing Li	34.341575	108.93977
Xin Hu	34.0374444	-117.0861363
V. Indira	11.9114768	79.6361748
R. Vasanthakumari	11.9088805	79.7589194
T. J. Menzies	-35.2927076	149.1651801
Zach Milton	39.6538463	-79.962985
Burak Turhan	41.08071	28.936328
Bojan Cukic	39.6538463	-79.962985
Ayse Basar Bener	41.08071	28.936328
Francisco S. Melo	40.4432289	-79.9441368
Vijay S. Kumar	39.9993865	-83.0227103
Tahsin M. Kurç	38.9916926	-76.9414781
Varun Ratnakar	33.9802893	-118.4517449
Jihie Kim	33.9803125	-118.4400672
Gaurang Mehta	34.9592083	-116.419389
K. Vahi	34.9592083	-116.419389
Yoonju Lee Nelson	34.1036186	-117.2914463
P. Sadayappan	39.9993865	-83.0227103
Ewa Deelman	34.1036186	-117.2914463
Mary Wolcott Hall	29.7811017	-95.7403296
Joel H. Saltz	37.0298687	-76.3452218
Aditya Krishna Menon	32.8283259	-117.255854
Andrea Pietracaprina	45.4082037	11.8792085
Matteo Riondato	41.8261344	-71.4034045
Eli Upfal	41.8195	-71.4091728
Fabio Vandin	45.410225	11.893188
Sicco Verwer	52.0115769	4.3570677
Michael Mampaey	42.4374298	-83.1655701
Matthijs Leeuwen	52.0907374	5.1214201
Zhenming Liu	22.3185673	114.1796057
Jun Gao	35.8800364	-106.3031138
Jason Weston	37.4209279	-122.0826938
Ali Nouri	40.5209113	-74.4612229
Michael L. Littman	40.7967667	-74.4815438
Dijun Luo	32.7294899	-97.1145707
Heng Huang	43.767006	-72.1930695
Michèle Sebag	48.707909	2.211936
Denny Joseph	13.0101086	80.239023
Raju S. Bapi	38.8799697	-77.1067698
Arthur Zimek	48.1351253	11.5819806
Fabian Buchwald	48.1495771	11.5671215
Eibe Frank	-37.787183	175.312121
X. M. Chen	36.061089	103.834304
Tantan Liu	39.910886	116.3357368
Fan Wang	22.3346416	114.1826466
Mohamed ElHelw	51.5177246	-0.1732294
Jong Youl Choi	39.174335	-86.505469
Seung-Hee Bae	39.1670467	-86.5269373
Vignesh T. Ravi	39.9993865	-83.0227103
Nathan N. Liu	22.2917485	114.2715461
Andreas Thor	51.3396955	12.3730747
Yingju Xia	39.904211	116.407395
Itamar Arel	35.7124962	-86.9664759
Thomas P. Karnowski	36.0103561	-84.2696449
Derek Rose	35.7124962	-86.9664759
Ahmad Kardan	35.6891975	51.3889736
Luvai F. Motiwalla	42.652553	-71.320276
Mark A. Musen	37.413349	-122.1708056
Michael Whelan	40.3572976	-74.6672226
Yanchang Zhao	-35.237	149.065
Huaifeng Zhang	-33.8829343	151.2005362
E. K. Park	40.5795317	-74.1502007
Dimitrios Pierrakos	39.7854655	-80.4882672
Michael Wasikowski	38.949202	-95.2641463
Sinno Jialin Pan	22.2917485	114.2715461
Nitin Salodkar	12.9715987	77.5945627
Abhay Karandikar	19.0759837	72.8776559
V Borkar	19.0759837	72.8776559
Yijun Sun	25.714868	-80.277027
Sinisa Todorovic	29.6582444	-82.3380832
Steve Goodison	29.6388446	-82.3423789
J. Geoffrey Chase	-43.5320544	172.6362254
Christopher M. Gifford	38.9499492	-95.2658318
Arvin Agah	38.928997	-95.2559745
Chunxia Zhao	32.0293477	118.8561406
Ning Ye	32.0792567	118.8122309
Yannan Chen	32.060255	118.796877
A. Erdem	39.9333635	32.8597419
Sibel Tari	35.246756	33.0307541
Yu Zhang	1.352083	103.819836
Jing Li	34.341575	108.93977
Khalid Bashir	51.5169409	-0.0591022
Motee Phorah	-25.7489464	28.1854042
Haibin Duan	39.9806558	116.349481
Shuyuan Yang	34.2275457	108.9181783
Ruixia Wu	34.2275457	108.9181783
Min Wang	39.904211	116.407395
Alexandre L. M. Levada	-22.0087082	-47.8909263
Nelson D. A. Mascarenhas	-22.0087082	-47.8909263
Alberto Tannús	-22.0054045	-47.8964398
Na Wang	40.8018152	-77.8481049
Sara Hashemi	35.6891975	51.3889736
Soehila Kiani	35.6891975	51.3889736
Navid Noroozi	35.6891975	51.3889736
Joan-Gerard Camarena	38.9917037	-0.1607645
V. Gregori	38.968032	-0.1844671
Samuel Morillas	38.9917037	-0.1607645
Almanzor Sapena	38.968032	-0.1844671
Chunfang Xu	39.9825772	116.3556658
Shan Shao	41.8518716	123.3841286
João Paulo Papa	-22.8127125	-47.0675404
Huaizhong Zhang	55.1511857	-6.6748021
S. I. McClean	55.1511857	-6.6748021
Kurt Saetzler	55.1511857	-6.6748021
Jan Salmen	51.4471312	7.2586022
Rasmus Larsen	57.0149963	9.9785216
Santosh Kumar Ray	23.58589	58.4059227
Shailendra Singh	40.3470543	-74.0643065
B. P. Joshi	28.5355161	77.3910265
Angshul Majumdar	53.7266683	-127.6476206
Rabab Ward	49.2515653	-123.2401187
Miao Cheng	29.549158	106.5161368
Bin Fang	45.7399332	7.4674717
Lei Su	25.05357	102.6992796
Quan Zhao	25.050349	102.7253958
Ofer Dekel	31.779193	35.196198
Willem Waegeman	51.0543422	3.7174243
B. De Baets	51.0543422	3.7174243
Branko Zakotnik	46.0569465	14.5057515
Cvetka Grašič Kuhar	46.0569465	14.5057515
Elsa Loekito	-37.8013221	144.9610796
Ciprian Docan	40.5169355	-74.4406724
Scott Alan Klasky	30.2850284	-97.7335226
Saba Sehrish	28.585792	-81.208892
Grant Mackey	28.585792	-81.208892
John Bent	43.0765915	-89.4052247
Judy Qiu	39.1670467	-86.5269373
Wantao Liu	39.9828502	116.3410178
Brian Tieman	41.7178558	-87.9783048
Rajkumar Kettimuthu	39.9993865	-83.0227103
Carlos Ruiz	40.3317753	-3.7669863
Vit Niennattrakul	33.0652855	-96.7405509
Chotirat Ann Ratanamahatana	33.971632	-117.320556
Salvatore J Stolfo	40.807722	-73.96411
Bruno Baruque	37.3710677	-6.0832929
Emilio Corchado	40.9638757	-5.6807464
Eric Bae	-37.8013221	144.9610796
Ying Nian Wu	42.2780183	-83.7370191
Haifeng Gong	39.910886	116.3357368
Jia Li	36.067108	120.382609
YongHong Tian	39.910886	116.3357368
Tie-jun Huang	39.910886	116.3357368
A Averbuch	32.1036332	34.8046043
B. Davis	40.5852602	-105.084423
P. Thomas Fletcher	40.7627889	-111.8504215
Elizabeth Bullitt	35.9131996	-79.0558445
Sarang C. Joshi	35.919232	-79.040753
Manmohan Krishna Chandraker	33.6550565	-117.8447446
D. J. Kriegman	37.413349	-122.1708056
Matthew O'Toole	49.2519175	-123.2483732
Nicola Segata	46.0747793	11.1217486
Enrico Blanzieri	45.070312	7.6868565
Sarah Jane Delany	53.3504889	-6.2692091
Ole-Christoffer Granmo	58.3447019	8.5948668
Heng-Fu Yeh	34.1629905	-118.2935891
Ning Liu	31.230416	121.473701
Jasmina Bogojeska	49.2401572	6.9969327
Steffen Bickel	52.4321218	13.5333041
Nestor Becerra Yoma	-33.4378305	-70.6504492
Yi-Yuan Chiang	24.9721514	121.2053963
K Ramamohanarao	-37.8013221	144.9610796
Rui Zhang	42.8404783	-84.4800438
Varun Chandola	36.0103561	-84.2696449
Shyam Boriah	44.9731472	-93.2153631
Vipin Kumar	38.9784157	-76.9282872
G. Scanniello	40.7462408	14.7704471
Ramesh C. Joshi	29.8662184	77.8953181
James Foulds	-37.787183	175.312121
Sumana Sharma	37.5451839	-77.4508188
J. Jozefowska	52.406374	16.9251681
Songfeng Zheng	34.070264	-118.4440562
Myung Hwangbo	40.4432289	-79.9441368
Keke Zhao	30.2929634	120.1689207
Mohammad Reza Daliri	44.9758583	10.2904233
Vincent Torre	44.4046049	8.9311653
József Molnár	47.497912	19.040235
Courtney Corley	30.2976841	-97.7375963
Alexandre Acácio De Andrade	-23.5505199	-46.6333094
Sergio Luiz Pereira	-23.5505199	-46.6333094
Eduardo Dias	38.5672774	-7.9100618
Caio Fernando Fontana	-23.5634327	-46.7159511
D. Ruan	51.214665	5.0978931
David Angelo Ferrucci	42.7284117	-73.6917851
Hua Ai	39.904211	116.407395
Marietta Sionti	40.4432289	-79.9441368
Yi-Chia Wang	40.4432289	-79.9441368
Carolyn Penstein Rosé	40.4432289	-79.9441368
Ryan S. Baker	40.4432289	-79.9441368
Kenneth Koedinger	40.4432289	-79.9441368
Hakan Ferhatosmanoglu	33.6858022	-117.8082831
Mingyu You	30.2919691	120.1638917
Jayanthi Ranjan	28.6821165	77.4443807
Vishal Bhatnagar	28.6539087	77.2712102
J. R. Bertini Jr.	-15.7412859	-47.8838819
David Madigan	47.6698745	-122.3102213
Stephen Coggeshall	32.9932276	-117.0804505
Lucas Vendramin	-22.0087082	-47.8909263
R. Elmasri	29.7246478	-95.3450459
Shamkant Navathe	37.413349	-122.1708056
Marleen de Bruijne	55.6760968	12.5683371
Wiro J. Niessen	52.0857988	5.1788155
Dorin Comaniciu	8.4944302	76.9473164
Nicolas Honnorat	48.771808	2.123618
R. Vaillant	48.771808	2.123618
G. Carneiro	43.6503577	-79.3869921
Jacinto C. Nascimento	38.7222524	-9.1393366
António Freitas	38.7591633	-9.2375684
Jeremy Gummeson	42.3951291	-72.5312372
Mark D. Corner	42.275021	-83.733101
Prashant J. Shenoy	30.267153	-97.7430608
Sílvia D. Olabarriaga	52.3561962	4.9470315
Mohamed Nabil H. Barakat	23.58589	58.4059227
Andrea Bosin	39.2238411	9.1216613
Nicoletta Dessì	39.2238411	9.1216613
Barbara Pes	39.2238411	9.1216613
Abderrahim Elmoataz	49.182863	-0.370679
Robin Genuer	48.697161	2.189617
B. Cernuschi-Frias	-34.21581	-58.9198574
P Bouthemy	48.117266	-1.6777926
Chunheng Wang	39.910886	116.3357368
B.-H. Xiao	41.7231649	123.4728339
Christophe Saint-Jean	46.160329	-1.151139
Baochang Zhang	45.744564	126.627753
LinLin Shen	52.9436512	-1.1873402
Hyung Il Koo	37.566535	126.9779692
Nam Ik Cho	37.566535	126.9779692
Fiona Browne	54.68836	-5.8828069
David H. Glass	54.68836	-5.8828069
Alioune Ngom	36.778261	-119.4179324
U. Kamps	50.7753455	6.0838868
Shirley Miller	45.50232	-73.5436479
Johan Lim	30.5894709	-96.3579087
Joan del Castillo	41.4995464	2.1147457
Christian Aímann	49.8988135	10.9027636
Jens Boysen-Hogrefe	54.3232927	10.1227652
Marius Hofert	48.4010822	9.9876076
Yu Ryan Yue	40.7388319	-73.9815337
Håvard Rue	63.4305149	10.3950528
Jie Chen	1.352083	103.819836
Jianfeng Luo	31.1979597	121.4627472
Kenneth Liu	40.2109404	-75.2782317
Devan V. Mehrotra	40.2109404	-75.2782317
Pierre Barbillon	48.73668	2.180034
Yannick Lefebvre	49.1227606	0.0116891
ítienne De Rocquigny	48.856614	2.3522219
Michael J. Brusco	30.4441409	-84.2901803
Douglas Steinley	38.9470452	-92.3227486
Hugo Hammer	59.9138688	10.7522454
Joon Jin Song	36.0569405	-94.1836566
Dee Wood Harper	29.9365976	-90.1278823
Jennifer S. K. Chan	22.396428	114.109497
S. T. Boris Choy	-30.4730963	149.6612155
A. M. Martínez-Rodríguez	37.7795941	-3.7849057
A. J. Sáez-Castillo	38.3357572	-2.807864
A. Conde-Sánchez	38.3357572	-2.807864
Valéria Lima Passos	50.8442878	5.6886039
Frans E. S. Tan	50.8513682	5.6909725
Martijn P. F. Berger	50.8513682	5.6909725
U. H. Thygesen	55.756381	12.579774
Henrik Madsen	55.883514	12.504924
Frank Hampel	47.3768866	8.541694
Christian Hennig	53.563021	9.9883584
Jianbo Li	22.2840507	114.1378391
Sunghoon Kwon	37.566535	126.9779692
Hein Putter	52.1601144	4.4970097
Rodolphe Thiébaut	44.837789	-0.57918
Jeffrey L. Andrews	43.529442	-80.225481
Sanjeena Subedi	43.529442	-80.225481
Andrea Cerioli	44.8011463	10.3256976
N. Iranpanah	35.6891975	51.3889736
M. Mohammadzadeh	35.6891975	51.3889736
Dipak K. Dey	41.8084314	-72.2495231
M. G. Andrade	-22.0087082	-47.8909263
Artin Armagan	36.0018986	-78.9402817
Russell L. Zaretzki	35.9489787	-83.9352297
Karthik Devarajan	40.0635817	-75.0786357
Nader Ebrahimi	38.0778764	-88.7686382
Francisco Louzada-Neto	-23.5431786	-46.6291845
Gladys D. C. Barriga	-7.9184546	-34.8209559
Orietta Nicolis	45.6982642	9.6772698
Brani Vidakovic	33.7784626	-84.3988806
Ying-Zi Fu	25.0618393	102.6977581
P. íek	51.560596	5.0919143
Daniela M. Witten	37.424106	-122.1660756
Rob Tibshirani	43.666663	-79.4023299
Cristina Sotto	14.6526624	121.065041
Caroline Beunckens	50.9284716	5.3887681
Chih-Tang Chang	43.1225229	-77.6665722
M. D. Jeng	43.1225229	-77.6665722
Wei-Feng Zhang	23.12911	113.264385
M. Arun Kumar	28.5429676	77.193806
E. Kokiopoulou	44.9731472	-93.2153631
Lei He	38.9071923	-77.0368707
Yifan Xu	31.1943957	121.4516662
Chong-Yaw Wee	3.11431	101.651016
Raveendran Paramesran	3.11431	101.651016
R. Mukundan	12.9715987	77.5945627
Deshen Xia	32.0293477	118.8561406
S. Dimitrijev	-27.55	153.05
Borut alik	46.5546503	15.6458812
J. Mas	41.5037176	2.0864011
J. A. P. Jorge	38.7363562	-9.1407662
Jian-Huang Lai	23.12911	113.264385
Xinxiao Wu	39.904211	116.407395
Shuang An	45.803775	126.534967
Saurabh Shrivastava	25.4698385	78.6200129
Eva Lucrecia Gibaja	-31.4200833	-64.1887761
S. Syafiie	41.6705273	-4.6812086
T. Alvarez	41.6705273	-4.6812086
Chin-Yuan Fan	25.0329636	121.5654268
Jyun-Jie Lin	43.1225229	-77.6665722
Jui-Chien Hsieh	24.973947	121.261238
Chien-Pang Lee	43.1225229	-77.6665722
Y. Leu	40.4131203	-86.9406509
Celal Ozturk	40.5169355	-74.4406724
Sultan Noman Qasem	4.210484	101.975766
Siti Mariyam Shamsuddin	1.5250153	103.6478486
Alberto Tellaeche	40.4473608	-3.7384311
G. Pajares	40.4473608	-3.7384311
Xavier P. Burgos-Artizzu	40.3064463	-3.4479063
Angela Ribeiro	40.3064463	-3.4479063
Yusuf Kavurucu	29.2985278	42.5509603
Pinar Senkul	39.9333635	32.8597419
Ismail H. Toroslu	35.246756	33.0307541
Cebrail Çiflikli	35.0581459	-89.189643
Esra Kahya-Özyirmidokuz	38.720489	35.482597
Ling Wei	38.4983243	106.138108
Jian-Jun Qi	34.229571	108.9172138
Sebastien Derivaux	48.52854	7.711011
Cédric Wemmert	48.5842828	7.7667161
M. D. Pérez-Godoy	38.3357572	-2.807864
A. J. Rivera	37.7795941	-3.7849057
Yusuf Sinan Akgul	40.8025157	29.4397941
J Canny	42.3591	-71.0934
Noman Mohammed	45.4938256	-73.575582
Patrick C. K. Hung	43.8986348	-78.8621155
Cheuk-kwong Lee	22.3729765	114.1167
Sameer Singh	42.3951291	-72.5312372
Taylor Berg-Kirkpatrick	37.8706401	-122.2797647
John DeNero	37.8706401	-122.2797647
Sandra Kübler	48.5216364	9.0576448
Limin Yao	39.9990443	116.3246671
L. Gruenwald	35.1958257	-97.4447525
Demetris Zeinalipour	34.6752289	33.0443356
B. Sarojini Ilango	9.9252007	78.1197754
Srinivasan C. Janarthanam	55.9462691	-3.1847238
D S Weld	47.661282	-122.3131454
Ethan O. Selfridge	45.4971151	-122.6888051
Joseph P. Turian	31.777508	-106.496973
L. Ratinov	31.260876	34.801057
Adam Vogel	40.1105875	-88.2072697
Daniel Saul Jurafsky	40.0082221	-105.2591119
S. R. K. Branavan	42.3591	-71.0934
Luke S. Zettlemoyer	35.7832233	-78.6389527
Regina Barzilay	42.3591	-71.0934
F. Mairesse	52.200802	0.11926
M. Gasic	52.200802	0.11926
F. Jurcicek	52.200802	0.11926
Simon Keizer	52.2215372	6.8936619
Blaise Thomson	52.1934947	0.12576
K. Yu	52.1934947	0.12576
Xiaoli Li	39.9357171	116.3259548
David Rizo	38.375659	-0.5091708
Tridivesh Jena	32.715738	-117.1610838
Qin Lu	30.5121059	114.4049036
Anup Kumar Kolya	22.4991816	88.3706729
Asif Ekbal	22.9867569	87.8549755
Sivaji Bandyopadhyay	22.4991816	88.3706729
Risi Imre Kondor	51.5448259	-0.1351856
Hilbert J. Kappen	51.8242841	5.8616973
Gerardo Hermosillo Valadez	40.0581639	-75.5192756
Charles Florin	40.0581639	-75.5192756
Luca Bogoni	40.0362184	-75.5138118
Linda Moy	40.8488966	-73.8460001
Pinar Dönmez	40.4432289	-79.9441368
Guy Lebanon	40.4432289	-79.9441368
Reza Safabakhsh	35.7826442	51.4633892
László Györfi	47.497912	19.040235
Gunnar Carlsson	37.413349	-122.1708056
Facundo Mémoli	44.9746732	-93.2322351
Michael Ringgaard	37.3860517	-122.0838511
Irene Rodriguez-Lujan	40.5474828	-3.6983491
Carlos Cruz	40.442186	-3.7003236
Bernhard Schölkopf	48.5392481	9.0615313
Gert R.G. Lanckriet	32.7953832	-117.2029321
Ronald Ortner	47.37639	15.09113
Peter Auer	47.070714	15.439504
Geoff Holmes	-37.787183	175.312121
Richard Kirkby	-37.787183	175.312121
Ran El-Yaniv	31.779193	35.196198
Yair Wiener	32.7940463	34.989571
Pedro A. Forero	44.9731472	-93.2153631
Alfonso Cano	44.9731472	-93.2153631
G. B. Giannakis	44.977753	-93.2650108
Shohei Shimizu	19.2848865	-99.1462101
Ariel Jaimovich	31.779193	35.196198
Ofer Meshi	31.779193	35.196198
Ian McGraw	42.3570439	-71.0928603
Gal Elidan	31.779193	35.196198
Sören Sonnenburg	52.4370179	13.5470509
Christian Widmer	48.5216364	9.0576448
Alexander Zien	50.7694775	7.1875786
Fabio De Bona	48.5216364	9.0576448
Alexander Binder	52.5200066	13.404954
Vojtech Franc	52.5200066	13.404954
Stefan Harmeling	52.4370179	13.5470509
Markus Ojala	60.2054911	24.6559001
Gemma C. Garriga	41.387445	2.1107846
Miguel Lázaro-Gredilla	40.3321329	-3.7669353
Joaquin Quiñonero-Candela	48.5216364	9.0576448
Carl Edward Rasmussen	48.5216364	9.0576448
João Graça	38.7222524	-9.1393366
Jennifer Gillenwater	29.7811017	-95.7403296
Benjamin Taskar	37.413349	-122.1708056
Tom Dhaene	51.1844587	4.4188275
Raghunandan H. Keshavan	37.413349	-122.1708056
Andrea Montanari	37.413349	-122.1708056
Sewoong Oh	37.413349	-122.1708056
Torsten Hothorn	49.5896744	11.0119611
Peter Bühlmann	47.3768866	8.541694
Thomas Kneib	48.1351253	11.5819806
Matthias Schmid	49.5896744	11.0119611
Eric Hoffman	38.9071923	-77.0368707
Robert Clarke	56.1442464	-3.9207832
Joris M. Mooij	51.8242841	5.8616973
Qiang Wu	-33.8829343	151.2005362
Justin Guinney	47.6288591	-122.3456919
Sayan Mukherjee	42.3570439	-71.0928603
Congfu Xu	30.2929634	120.1689207
Antoine Bordes	48.856614	2.3522219
L. Bottou	40.3597339	-74.5952837
P. Gallinari	48.856614	2.3522219
Garvesh Raskutti	37.8805941	-122.2447958
Rahul Mazumder	37.413349	-122.1708056
Franz Pernkopf	47.0586934	15.4583662
Jui-Sheng Chou	25.0261583	121.5427093
B. Naderi	35.6891975	51.3889736
M. Soltani	37.3445959	46.0564799
Adam Pocock	53.463993	-2.231197
G. Panoutsos	53.3812649	-1.4792731
Mahdi Mahfouf	53.3812649	-1.4792731
Aaron Dennis	40.2525474	-111.6576145
Andrew D. Michaels	40.7704811	-111.8367368
Patti Arand	45.4618042	-122.7999141
Dan Ventura	40.2525474	-111.6576145
Rafal Angryk	31.3868389	-89.3650634
Aslı Çelikyılmaz	43.6598464	-79.394156
Khang Siang Tan	5.170128	100.4792231
N. L. Fernández-García	38.1382192	-5.2057909
Ahmed Moussa	35.7594651	-5.8339543
Timothy C. Havens	38.9331391	-92.3738037
J C Bezdek	-37.8013221	144.9610796
Laurence A. F. Park	8.4944302	76.9473164
Sutharshan Rajasegarar	-37.8013221	144.9610796
Marimuthu Palaniswami	-37.7986248	144.9623473
Li Zhang	39.9828502	116.3410178
Weida Zhou	34.2275457	108.9181783
Choon-Ching Ng	1.5343616	103.6594267
N. G. Pavlidis	38.2466395	21.734574
D. J. Hand	51.5266171	-0.1260773
Petronio L. Braga	-8.8137173	-36.954107
J Carbonell	40.4406248	-79.9958864
Richard P. Lippmann	40.6781784	-73.9441579
Jacob Abernethy	41.8781136	-87.6297982
Ohad Shamir	31.779193	35.196198
Lin Xiao	47.6419587	-122.1305878
Marco Barreno	37.8805941	-122.2447958
Blaine Nelson	37.8764984	-122.2804342
J D Tygar	40.4432289	-79.9441368
Michael E. Locasto	51.076359	-114.12871
A. Keromytis	38.6736751	-90.3149303
Krishna S. R. Dubba	53.8069023	-1.5558984
Anthony G. Cohn	52.379411	-1.563191
Anthony Brew	53.305257	-6.2168851
S. Matwin	52.2296756	21.0122287
Nicolas Labroche	48.8530933	2.2487626
Manuel Lopes	38.7222524	-9.1393366
Antonino Freno	43.318809	11.3307574
Edmondo Trentin	46.0658551	11.1525516
Michelangelo Diligenti	43.318809	11.3307574
Marco Maggini	43.318809	11.3307574
L. Rigutini	43.314023	11.330547
M. Lalmas	55.87151	-4.288761
Claudio Giuliano	46.0747793	11.1217486
Luciano Serafini	46.0747793	11.1217486
Kateryna Tymoshenko	46.0658551	11.1525516
Alneu de Andrade Lopes	-23.5505199	-46.6333094
Ian P. Gent	56.3412112	-2.7930852
Christopher Jefferson	56.3412112	-2.7930852
Lars Kotthoff	56.3412112	-2.7930852
I. Miguel	53.9599651	-1.0872979
Neil C. A. Moore	56.3397753	-2.7967214
Peter Nightingale	56.3400654	-2.8094716
Karen E. Petrie	56.3412112	-2.7930852
Kyriakos C. Chatzidimitriou	40.6400629	22.9444191
Salem Benferhat	43.5609901	1.4630574
Blaise Hanczar	48.908612	2.439712
M. Nadif	48.8553015	2.3318264
K. Kianmehr	51.0753004	-114.1259239
Mohammed Alshalalfa	51.076359	-114.12871
Kamalika Das	39.3462249	-76.6213069
Kanishka Bhaduri	39.3462249	-76.6213069
I. Yu. Torshin	55.646856	37.7509911
E. A. Kozina	55.7077995	37.5769183
A. A. Myagkov	55.6993371	37.559702
M. V. Ugryumov	55.7077995	37.5769183
V. V. Yashina	55.6993371	37.559702
Liam Paninski	40.7609569	-73.8076702
Yashar Ahmadian	40.807722	-73.96411
Daniel Gil Ferreira	40.807722	-73.96411
Michael Vidne	40.807722	-73.96411
Joshua Vogelstein	39.3272601	-76.6003432
Mike W. Oram	56.3412112	-2.7930852
Yi-An Tsai	23.5479954	120.4588059
Yanjun Qi	40.3572976	-74.6672226
Zenglin Xu	22.417442	114.203926
Rang Jin	42.727455	-84.498557
Vojislav Kecman	-36.8484597	174.7633315
Fabian J. Theis	49.0134297	12.1016236
Abdul Sattar	53.5267622	-113.5271457
Peter Vamplew	-42.9030301	147.3241068
Julien Ugon	-37.6244959	143.8848936
Paolo Ciaccia	44.494887	11.3426163
Marco Patella	44.494887	11.3426163
Peer Kröger	48.1351253	11.5819806
Ivor W. Tsang	22.3404614	114.2607123
Wojciech Galuba	46.5189865	6.5676007
Pierre Borgnat	8.4944302	76.9473164
Jialiu Lin	40.4432289	-79.9441368
Guang Xiang	41.7674641	123.4145076
Jason I. Hong	40.4432289	-79.9441368
N. Sadeh	40.4432289	-79.9441368
Nicholas Lane	-37.7870012	175.279253
Dimitrios Lymberopoulos	47.6739881	-122.121512
Nesserine Benchettara	48.963476	2.347354
Rushed Kanawati	48.963476	2.347354
J. Yang	48.791855	2.331433
Omar Arif	33.7784626	-84.3988806
J. Teizer	33.7700012	-84.3811458
Ioannis Brilakis	42.2780183	-83.7370191
Symeon Christodoulou	34.6752289	33.0443356
Atefe Makhmalbaf	33.7784626	-84.3988806
Hui Zhang	32.2114395	118.7351278
Jun-Hai Yong	38.0156511	-84.505177
T. N. Goh	1.352083	103.819836
Jianyong Sun	32.060255	118.796877
Alberto Silletti	45.4064349	11.8767611
K K Paliwal	19.0759837	72.8776559
Antonio R. Anaya	40.45216	-3.73499
Jesus Boticario	40.4507011	-3.7377171
Simon Dobson	40.0992294	-83.1140771
Ravishankar Sivalingam	44.9731472	-93.2153631
Vassilios Morellas	45.0335031	-93.2793641
Bernhard Rinner	47.0678392	15.4502625
Abbas Bigdeli	-36.8490661	174.7699782
Naomi Bancroft	47.6698745	-122.3102213
S. M. Drucker	41.8195	-71.4091728
Andrew Jensen Ko	40.4432289	-79.9441368
Jeremy Scott	42.3736158	-71.1097335
Khai N. Truong	43.6503577	-79.3869921
Samuel White	43.1363323	-77.6165325
Hanjie Ji	43.1363323	-77.6165325
Jeffrey P. Bigham	40.4432289	-79.9441368
John Langford	40.4432289	-79.9441368
Jeff Yan	22.417442	114.203926
Jia Liu	48.7758459	9.1829321
Ning Xu	34.1036186	-117.2914463
Meng Yi	39.980825	-75.1495788
Kaiwei Cai	39.9345739	116.3423784
Ulrich Rührmair	48.1495771	11.5671215
Jan Sölter	48.1495771	11.5671215
S. Devadas	37.8764984	-122.2804342
Heedo Kim	42.2780183	-83.7370191
Aaron Tami	42.2780183	-83.7370191
Ignacio Molina	36.721261	-4.4212655
Nuria Ribelles	36.7226027	-4.467102
Miguel Martín	40.4473608	-3.7384311
Leonardo Franco	51.7520209	-1.2577263
James Crenshaw	42.0333607	-88.0834059
Bruce Augustine	42.0333607	-88.0834059
Russell Mareachen	42.0333607	-88.0834059
Johnny Park	40.4131203	-86.9406509
Martin Humenberger	48.2351828	16.4810643
Christian Zinner	48.2351828	16.4810643
Kofi Appiah	53.230688	-0.540579
Daniela Craciun	48.856614	2.3522219
Patrick Dickinson	53.230688	-0.540579
Kristian Ambrosch	48.2351828	16.4810643
ShengYi Jiang	23.1983251	113.2827608
Baoguo Jia	23.0977207	113.2979248
Hwisung Jung	34.1036186	-117.2914463
Massoud Pedram	37.8764984	-122.2804342
Morteza Rahimiyan	36.3077495	59.5271094
Habib Rajabi Mashhadi	36.3077495	59.5271094
Bin Fang	45.7399332	7.4674717
Stephanie Schreitter	48.2081743	16.3738189
Harald Trost	48.2081743	16.3738189
Arto Vihavainen	60.1698557	24.938379
Dimitrios Kokkinakis	57.6954209	11.9853213
Hanna Suominen	60.4518126	22.2666303
Min-Yen Kan	40.807722	-73.96411
Adam Brady	40.0644051	-80.7201367
W. Rosenstiel	49.0116951	8.4303821
Ashwani Kumar	42.361289	-71.088305
M. Janakiraman	22.4418534	88.3018499
Vikas Bhardwaj	40.807722	-73.96411
Nancy Ide	64.8415789	-147.8710172
Marisa Thoma	48.1351253	11.5819806
Hong Cheng	22.3185673	114.1796057
Mohammad S. Aziz	42.3574116	-83.0697777
Yongli Zhang	39.0672903	117.2877856
Tiziano Fagni	43.7228386	10.4016888
Guihua Wen	23.1512972	113.3446298
Liu-Gen Xue	39.92147	116.443108
Xutong Liu	36.8743583	-76.1745441
Ahmed Jawad	50.7694775	7.1875786
Tom Stepinski	29.5876237	-95.1007454
Josue Salazar	29.7604267	-95.3698028
Chun-Sheng Chen	43.1225229	-77.6665722
Vadeerat Rinsurongkawong	29.7671923	-95.3577168
Fatih Akdag	29.7671923	-95.3577168
C. F. Eick	29.7246478	-95.3450459
Alberto Lavelli	46.0747793	11.1217486
Jing Zhang	39.9629312	116.3581284
K. J. R. Liu	24.8138287	120.9674798
Qi Su	28.228209	112.938814
Helen Kai-yun Chen	22.305748	114.179826
Shifeng Chen	24.4357457	118.0933388
Liangliang Cao	22.417442	114.203926
Yuerning Wang	30.274085	120.15507
Shenghuo Zhu	37.3229978	-122.0321823
Luciano da F. Costa	-22.0087082	-47.8909263
Roser Morante	51.2194475	4.4024643
Vincent Van Asch	51.2194475	4.4024643
Walter Daelemans	51.2194475	4.4024643
Marek Rei	52.2016671	0.1177882
Ted Briscoe	54.0101034	-2.7850105
Eraldo R. Fernandes	-22.9791548	-43.2309477
Carlos Eduardo Meger Crestana	-22.9791548	-43.2309477
Huiwei Zhou	38.884485	121.529364
Degen Huang	38.8796632	121.5229574
Zezhong Li	38.8769137	121.5319155
Maria Lapata	55.9432719	-3.1853545
Alexander Clark	46.2247046	6.1011686
